{
  "display": {
    "icon": {
      "id": "minecraft:warped_fungus_on_a_stick",
      "components": {
        "minecraft:item_model":"trip_magic:advancement/mana"
      }
    },
    "title": {
      "translate": "advancements.magic.root.title"
    },
    "description": {
      "translate": "advancements.magic.root"
    },
    "background": "minecraft:block/quartz_block_bottom",
    "show_toast": false,
    "announce_to_chat": false
  },
  "criteria": {
    "criteria": {
      "trigger": "minecraft:player_hurt_entity"
    }
  }
}
          
        
      
    
  

