{
  "display": {
    "icon": {
      "id": "minecraft:stick",
      "components": {
        "item_model":"trip_magic:advancement/elements"
      }
    },
    "title": {
      "translate": "advancements.magic.spell_book.title"
    },
    "description": {
      "translate": "advancements.magic.spell_book"
    },
    "show_toast": true,
    "announce_to_chat": true
  },
  "parent": "ls_trip_and_magic:roots/magic/empty_spell_book",
  "criteria": {
    "root": {
      "trigger": "minecraft:inventory_changed",
      "conditions": {
        "items": [
          {
            "components": {
      "minecraft:custom_data": {
        "datapack_type": "ls_trip_magic",
        "item_type":"item_core",
        "core_type": "magic_book",
        "spell_level":["1"]
              }
            }
          }
        ]
      }
    }
  }
}