{
  "type": "minecraft:generic",
  "pools": [
    {
      "rolls": 1,
      "bonus_rolls": 0,
      "entries": [
        {
          "type": "minecraft:item",
          "name": "minecraft:music_disc_13",
          "functions": [
            {
              "function": "minecraft:set_components",
              "components": {
                "minecraft:item_name": {
                  "translate": "item.minecraft.music_disc_ginga"
                },
                "minecraft:jukebox_playable": "ls_trip_and_magic:ginga",
                "item_model": "trip_magic:music_disc/ginga"
              }
            }
          ]
        }
      ]
    }
  ]
}