{
  "criteria": {
    "glaive": {
      "trigger": "minecraft:player_hurt_entity",
      "conditions": {
        "player": {
          "slots": {
            "weapon.mainhand": {
              "items": "#pickaxes"
            }
          }
        },
        "damage": {
          "type": {
            "tags": [
              {
                "id": "minecraft:is_player_attack",
                "expected": true
              }
            ]
          }
        }
      }
      }
  },
    "rewards": {
      "function": "ls_trip_and_magic:trip/weapons/glaive"
    }
  }