{
  "criteria": {
    "glaive": {
      "trigger": "minecraft:player_hurt_entity",
      "conditions": {
        "player": {
          "slots": {
            "weapon.mainhand": {
              "items": "warped_fungus_on_a_stick"
            }
          }
        },
        "damage": {
          "type": {
            "tags": [
              {
                "id": "minecraft:is_player_attack",
                "expected": true
              }
            ]
          }
        }
      }
      }
  },
    "rewards": {
      "function": "ls_trip_and_magic:magic/items/weapons/others/troll/wakame_sword/hurt_mobs"
    }
  }