{
  "type": "minecraft:crafting_shaped",
  "category": "misc",
  "pattern": [
    "%#%",
    "@X@",
    "$%$"
  ],
  "key": {
    "X": "minecraft:trident",
    "#": "minecraft:fire_coral_fan",
    "%": "minecraft:nautilus_shell",
    "@": "minecraft:glow_ink_sac",
    "$": "minecraft:prismarine_crystals"
  },
  "result": {
    "id": "minecraft:command_block",
    "components": {
      "minecraft:custom_name": {
        "translate": "item.item_core.wakame_sword",
        "italic": false
      },
      "minecraft:lore": [
        {
          "translate": "item_lore.item_core.wakame_sword",
          "color": "gray",
          "italic": false
        },
        {
          "translate": "item_lore.magic_crafting_table.core",
          "color": "gray",
          "italic": false
        }
      ],
      "minecraft:item_model":"trip_magic:frenzied_core",
      "minecraft:custom_data": {
        "datapack_type": "ls_trip_magic",
        "item_type": "item_core",
        "core_type": "frenzied_core"
      },
      "minecraft:rarity": "rare"
    },
    "count": 1
  }
}