[
  {
    "function": "minecraft:set_components",
    "components": {
                "minecraft:item_model":"trip_magic:hat/water",
                "minecraft:equippable": {
                  "slot": "head",
                  "equip_sound": "minecraft:item.armor.equip_leather",
                  "dispensable": true,
                  "swappable": true,
                  "damage_on_hurt": true,
                  "equip_on_interact": false
                },
                "minecraft:custom_name": {
                  "translate": "item.nature_magic_hat",
                  "italic": false
                },
                "minecraft:rarity": "uncommon"
              }
  }
]