{
    "type": "minecraft:chest",
    "pools": [
      {
        "rolls": 4,
        "bonus_rolls": {
          "type": "minecraft:uniform",
          "min": 1,
          "max": 5
        },
        "entries": [
          {
            "type": "minecraft:item",
            "name": "minecraft:dark_oak_log"
          }
        ]
      },
      {
        "rolls": 6,
        "bonus_rolls": {
          "type": "minecraft:uniform",
          "min": 0,
          "max": 3
        },
        "entries": [
          {
            "type": "minecraft:item",
            "name": "minecraft:emerald"
          }
        ]
      },
      {
        "rolls": {
          "type": "minecraft:uniform",
          "min": 1,
          "max": 5
        },
        "bonus_rolls": {
          "type": "minecraft:uniform",
          "min": 0,
          "max": 2
        },
        "entries": [
          {
            "type": "minecraft:item",
            "name": "minecraft:diamond"
          }
        ]
      },
      {
        "rolls": {
          "type": "minecraft:uniform",
          "min": 2,
          "max": 6
        },
        "entries": [
          {
            "type": "minecraft:item",
            "name": "minecraft:gold_ingot",
            "weight": 4,
            "quality": 6
          }
        ]
      },
      {
        "rolls": {
          "type": "minecraft:binomial",
          "n": 3,
          "p": 8
        },
        "bonus_rolls": {},
        "entries": [
          {
            "type": "minecraft:item",
            "name": "minecraft:iron_ingot",
            "weight": 2,
            "quality": 4
          }
        ],
        "functions": [],
        "conditions": []
      },
      {
        "rolls": 1,
        "entries": [
          {
            "type": "minecraft:item",
            "name": "minecraft:command_block",
            "functions": [
              {
                "function": "minecraft:set_nbt",
                "tag": "{CustomModelData:951,detapack_type:ls_trip_magic,item_type:rise_heart}"
              },
              {
                "function": "minecraft:set_name",
                "name": {
                  "text": "墓場の心",
                  "color": "aqua",
                  "bold": false,
                  "italic": false,
                  "underlined": false,
                  "strikethrough": false,
                  "obfuscated": false
                }
              },
              {
                "function": "minecraft:set_lore",
                "lore": [
                  "  ",
                  {
                    "text": "墓場のボスの召喚アイテム",
                    "color": "white",
                    "bold": false,
                    "italic": false,
                    "underlined": false,
                    "strikethrough": false,
                    "obfuscated": false
                  },
                  {
                    "text": "祭壇の上に置くと...?",
                    "color": "white",
                    "bold": false,
                    "italic": false,
                    "underlined": false,
                    "strikethrough": false,
                    "obfuscated": false
                  }
                ]
              }
            ]
          }
        ]
      }
    ]
  }