{
  "type": "minecraft:chest",
  "pools": [
    {
      "rolls": 7,
      "bonus_rolls": {
        "min": 1,
        "max": 10
      },
      "entries": [
        {
          "type": "minecraft:item",
          "name": "minecraft:rotten_flesh",
          "weight": 1,
          "quality": 1,
          "conditions": [
            {
              "condition": "minecraft:random_chance",
              "chance": 0.5
            }
          ]
        },
        {
          "type": "minecraft:item",
          "name": "minecraft:cobweb",
          "conditions": [
            {
              "condition": "minecraft:random_chance",
              "chance": 0.75
            }
          ]
        },
        {
          "type": "minecraft:item",
          "name": "minecraft:torch",
          "conditions": [
            {
              "condition": "minecraft:random_chance",
              "chance": 0.25
            }
          ]
        },
        {
          "type": "minecraft:loot_table",
          "value": "ls_trip_and_magic:item/weapons/glaive/flint",
          "functions": [
            {
              "function": "minecraft:set_damage",
              "damage": {
                "min": 21,
                "max": 60
              }
            }
          ],
          "conditions": [
            {
              "condition": "minecraft:random_chance",
              "chance": 0.05
            }
          ]
        },
        {
          "type": "minecraft:loot_table",
          "value": "ls_trip_and_magic:item/weapons/spear/flint",
          "functions": [
            {
              "function": "minecraft:set_damage",
              "damage": {
                "min": 21,
                "max": 67
              }
            }
          ],
          "conditions": [
            {
              "condition": "minecraft:random_chance",
              "chance": 0.05
            }
          ]
        },
        {
          "type": "minecraft:loot_table",
          "value": "ls_trip_and_magic:item/weapons/knife/flint",
          "functions": [
            {
              "function": "minecraft:set_damage",
              "damage": {
                "min": 21,
                "max": 52
              }
            }
          ],
          "conditions": [
            {
              "condition": "minecraft:random_chance",
              "chance": 0.05
            }
          ]
        }
      ]
    }
  ]
}