{
  "type": "minecraft:entity",
  "pools": [
    {
      "bonus_rolls": 0.0,
      "entries": [
        {
          "type": "minecraft:loot_table",
          "value": "ls_trip_and_magic:item/weapons/magic/fangs_staff",
          "conditions": [
            {
              "condition": "random_chance",
              "chance": 0.5
            }
          ]
        }
      ],
      "rolls": 1.0
    },
      {
        "rolls": 1,
        "entries": [
          {
            "type": "minecraft:loot_table",
            "value": "entities/evoker"
          }
        ]
      }
  ]
}