{
  "type": "minecraft:entity",
  "pools": [
    {
      "rolls": 5,
      "bonus_rolls": 7,
      "entries": [
        {
          "type": "minecraft:item",
          "weight": 4,
          "quality": 2,
          "name": "minecraft:emerald"
        },
        {
          "type": "minecraft:item",
          "weight": 4,
          "quality": 4,
          "name": "minecraft:wheat_seeds"
        },
        {
          "type": "minecraft:item",
          "weight": 3,
          "quality": 2,
          "name": "minecraft:carrot"
        },
        {
          "type": "minecraft:item",
          "weight": 4,
          "quality": 3,
          "name": "minecraft:potato"
        },
        {
          "type": "minecraft:item",
          "weight": 5,
          "quality": 3,
          "name": "minecraft:beetroot_seeds"
        }
      ]
    },
      {
        "rolls": 1,
        "entries": [
          {
            "type": "minecraft:loot_table",
            "value": "entities/zombie"
          }
        ]
      },
      {
        "rolls": 1,
        "entries": [
          {
            "type": "minecraft:loot_table",
            "weight": 1,
            "quality": 1,
            "value": "ls_trip_and_magic:item/trip/hats/farmer",
            "conditions": [
              {
                "condition": "minecraft:random_chance",
                "chance": 0.05
              }
            ]
          }
        ]
      }
  ]
}
