{
    "pools": [
      {
        "rolls": 4,
        "bonus_rolls": 6,
        "entries": [
          {
            "type": "minecraft:item",
            "weight": 1,
            "name": "minecraft:iron_ingot"
          },
          {
            "type": "minecraft:item",
            "weight": 2,
            "name": "minecraft:emerald"
          }
        ]
      },
      {
        "rolls": 1,
        "entries": [
          {
            "type": "minecraft:loot_table",
            "value": "entities/skeleton"
          },
          {
          "type": "minecraft:loot_table",
          "value": "ls_trip_and_magic:item/trip/hats/spear",
          "weight": 1,
          "conditions": [
            {
              "condition": "random_chance",
              "chance": 0.25
            }
          ]
        }
        ]
      }
    ]
  }