{
  "type": "minecraft:generic",
  "pools": [
    {
      "rolls": 1,
      "entries": [
        {
          "type": "minecraft:item",
          "name": "minecraft:command_block",
          "functions": [
            {
              "function": "minecraft:set_components",
              "components": {
      "minecraft:custom_name": {
        "translate": "item.fortified_wakame",
        "italic": false
      },
      "minecraft:lore": [
        {
          "translate": "item_lore.magic_crafting_table.material",
          "color": "gray",
          "italic": false
        }
      ],
      "minecraft:item_model":"trip_magic:fortified_wakame",
      "minecraft:custom_data": {
        "datapack_type": "ls_trip_magic",
        "item_type": "item_material",
        "material_type": "fortified_wakame"
      },
      "minecraft:rarity": "uncommon"
    }
      }
     ]
    }
   ]
  }
 ]
}