{
  "type": "minecraft:generic",
  "pools": [
    {
      "rolls": 1,
      "entries": [
        {
          "type": "minecraft:item",
          "name": "minecraft:command_block",
          "functions": [
            {
              "function": "minecraft:set_components",
              "components": {
      "minecraft:custom_name": {
        "translate": "item.item_core.wakame_sword",
        "italic": false
      },
      "minecraft:lore": [
        {
          "translate": "item_lore.item_core.wakame_sword",
          "color": "gray",
          "italic": false
        },
        {
          "translate": "item_lore.magic_crafting_table.core",
          "color": "gray",
          "italic": false
        }
      ],
      "minecraft:item_model":"trip_magic:frenzied_core",
      "minecraft:custom_data": {
        "datapack_type": "ls_trip_magic",
        "item_type": "item_core",
        "core_type": "frenzied_core"
      },
      "minecraft:rarity": "rare"
    }
      }
     ]
    }
   ]
  }
 ]
}