

    {
  "type": "minecraft:generic",
  "pools": [
    {
      "rolls": 1,
      "entries": [
        {
          "type": "minecraft:item",
          "name": "minecraft:command_block",
          "functions": [
            {
              "function": "minecraft:set_components",
    "components": {
      "minecraft:lore": [
        {
          "translate": "item_lore.core",
          "color": "gray",
          "italic": false
        },
        {
          "translate": "item_lore.magic_crafting_table.material",
          "color": "gray",
          "italic": false
        }
      ],
      "minecraft:item_model":"trip_magic:element_core/bolt",
      "minecraft:custom_data": {
        "datapack_type": "ls_trip_magic",
        "item_type": "item_material",
        "material_type": "element_core",
        "item_condition": "bolt"
      },
      "minecraft:rarity": "common",
      "minecraft:custom_name": {
        "translate": "item.spell_book.bolt",
        "extra": [
          {
            "translate": "item.material_core"
          }
        ],
        "italic": false
      }
    }
  }
          ]
        }
      ]
    }
  ]
}