[
  {
    "function": "minecraft:set_components",
              "components": {
                "minecraft:custom_name": {
        "translate": "item.magic_staff.normal",
        "with": [""],
        "extra": [
          {
            "translate": "item.magic_staff",
            "italic": false
          }
        ],
        "italic": false
      },
      "minecraft:lore": [
        {
          "translate": "item_lore.magic_staff",
          "color": "gray",
          "italic": false
        },
        {
          "translate": "empty"
        },
        {
          "translate": "item.modifiers.mainhand",
          "color": "gray",
          "italic": false
        },
        {
          "text": "150 ",
          "extra": [
            {
              "translate": "attribute.name.mana"
            }
          ],
          "color": "dark_green",
          "italic": false
        },
        {
          "text": "2 ",
          "extra": [
            {
              "translate": "attribute.name.mana.recovery"
            }
          ],
          "color": "dark_green",
          "italic": false
        },
        {
          "translate": "attribute.name.skill",
          "extra": [
            {
              "translate": "item_skill.magic"
            }
          ],
          "color": "dark_green",
          "italic": false
        }
      ],
      "minecraft:item_model":"trip_magic:magic_weapons/magic_staff/normal",
      "minecraft:custom_data": {
        "datapack_type": "ls_trip_magic",
        "item_type": "weapon",
        "item_condition": [
          "none",
          {}
        ],
        "material": "emerald",
        "weapon_type": "magic_staff"
      },
      "minecraft:rarity": "common",
      "minecraft:weapon": {
        "item_damage_per_attack": 0,
        "disable_blocking_for_seconds": 0
      },
      "minecraft:max_damage": 1250,
      "minecraft:attribute_modifiers": [
        {
          "type": "minecraft:attack_speed",
          "id": "minecraft:temp",
          "amount": 0,
          "operation": "add_value",
          "slot": "mainhand"
        },
        {
          "type": "minecraft:attack_damage",
          "id": "minecraft:temp",
          "amount": 0,
          "operation": "add_value",
          "slot": "mainhand"
        },
        {
          "type": "minecraft:attack_knockback",
          "id": "minecraft:temp",
          "amount": 0,
          "operation": "add_value",
          "slot": "mainhand"
        },
        {
          "type": "minecraft:entity_interaction_range",
          "id": "minecraft:temp",
          "amount": 0,
          "operation": "add_value",
          "slot": "mainhand"
        }
      ],
      "minecraft:tooltip_display": {
        "hidden_components": [
          "minecraft:unbreakable",
          "attribute_modifiers"
        ]
      },
      "minecraft:tool": {
        "rules": [],
        "default_mining_speed": 1,
        "damage_per_block": 0,
        "can_destroy_blocks_in_creative": false
      },
      "minecraft:repairable": {
        "items": [
          "minecraft:emerald"
        ]
      },
      "minecraft:repair_cost": 1,
      "minecraft:unbreakable": {}
              }
        }
    ]