{
  "display": {
    "icon": {
      "id": "minecraft:stick",
      "components": {
        "minecraft:item_model":"trip_magic:magic_weapons/magic_staff/normal"
      }
    },
    "title": {
      "translate": "advancements.magic.magic_staff.title"
    },
    "description": {
      "translate": "advancements.magic.magic_staff"
    },
    "show_toast": true,
    "announce_to_chat": true
  },
  "parent": "ls_trip_and_magic:roots/magic/magic_crafting_table",
  "criteria": {
    "root": {
      "trigger": "minecraft:inventory_changed",
      "conditions": {
        "items": [
          {
            "components": {
              "minecraft:custom_data": {
        "datapack_type": "ls_trip_magic",
        "item_type": "weapon",
        "item_condition": [
          "none",
          {}
        ],
        "material": "emerald",
        "weapon_type": "magic_staff"
      }
            }
          }
        ]
      }
    }
  }
}