{
  "type": "minecraft:crafting_shaped",
  "pattern": [
    "  X",
    " #X",
    "#  "
  ],
  "key": {
    "X": [
      "minecraft:flint"
    ],
    "#": [
      "stick"
    ]
  },
  "result": {
    "id": "minecraft:wooden_pickaxe",
    "components": {
      "minecraft:enchantments": {
        "minecraft:fire_aspect": 1
      },
      "minecraft:enchantment_glint_override": false,
      "minecraft:custom_name": {
        "translate": "item.material.flint",
        "extra": [
          {
            "translate": "item.glaive"
          }
        ],
        "color": "white",
        "italic": false
      },
      "minecraft:lore": [
        {
          "translate": "item_lore.knife.flint.up",
          "color": "gray",
          "italic": false
        },
        {
          "translate": "item_lore.knife.flint.down",
          "color": "gray",
          "italic": false
        },
        {
          "translate": "empty"
        },
        {
          "translate": "item.modifiers.mainhand",
          "color": "gray",
          "italic": false
        },
        {
          "text": "5 ",
          "extra": [
            {
              "translate": "attribute.name.attack_damage"
            }
          ],
          "color": "dark_green",
          "italic": false
        },
        {
          "text": "1.2 ",
          "extra": [
            {
              "translate": "attribute.name.attack_speed"
            }
          ],
          "color": "dark_green",
          "italic": false
        },
        {
          "translate": "attribute.name.skill",
          "extra": [
            {
              "translate": "item_skill.flint"
            }
          ],
          "color": "dark_green",
          "italic": false
        }
      ],
      "item_model":"trip_magic:trip_weapons/glaive/flint_glaive",
      "minecraft:custom_data": {
        "datapack_type": "ls_trip_magic",
        "item_type": "weapon",
        "material": "flint",
        "weapon_type": "glaive"
      },
      "minecraft:max_damage": 67,
      "minecraft:tool": {
        "rules": [],
        "default_mining_speed": 1,
        "damage_per_block": 2,
        "can_destroy_blocks_in_creative": false
      },
      "minecraft:repair_cost": 2,
      "minecraft:repairable": {
        "items": "minecraft:flint"
      },
      "minecraft:weapon": {
        "item_damage_per_attack": 1,
        "disable_blocking_for_seconds": 0
      },
      "minecraft:attribute_modifiers": [
        {
          "type": "minecraft:attack_damage",
          "id": "minecraft:temp",
          "amount": 4,
          "operation": "add_value",
          "slot": "mainhand"
        },
        {
          "type": "minecraft:attack_speed",
          "id": "minecraft:temp",
          "amount": -2.7,
          "operation": "add_value",
          "slot": "mainhand"
        }
      ],
      "minecraft:tooltip_display": {
        "hidden_components": [
          "minecraft:attribute_modifiers",
          "minecraft:enchantments"
        ]
      }
    }
  }
}