{
    "type": "minecraft:chest",
    "pools": [
      {
        "rolls": 4,
        "bonus_rolls": {
          "type": "minecraft:uniform",
          "min": 1,
          "max": 5
        },
        "entries": [
          {
            "type": "minecraft:item",
            "name": "minecraft:dark_oak_log"
          }
        ]
      },
      {
        "rolls": 6,
        "bonus_rolls": {
          "type": "minecraft:uniform",
          "min": 0,
          "max": 3
        },
        "entries": [
          {
            "type": "minecraft:item",
            "name": "minecraft:emerald",
            "conditions": [
              {
                "condition": "random_chance",
                "chance": 0.25
              }
            ]
          }
        ]
      },
      {
        "rolls": {
          "type": "minecraft:uniform",
          "min": 1,
          "max": 5
        },
        "bonus_rolls": {
          "type": "minecraft:uniform",
          "min": 0,
          "max": 2
        },
        "entries": [
          {
            "type": "minecraft:item",
            "name": "minecraft:diamond",
            "conditions": [
              {
                "condition": "random_chance",
                "chance": 0.125
              }
            ]
          }
        ]
      },
      {
        "rolls": {
          "type": "minecraft:uniform",
          "min": 2,
          "max": 6
        },
        "entries": [
          {
            "type": "minecraft:item",
            "name": "minecraft:gold_ingot",
            "weight": 4,
            "quality": 6
          }
        ]
      },
      {
        "rolls": {
          "type": "minecraft:binomial",
          "n": 3,
          "p": 8
        },
        "bonus_rolls": {},
        "entries": [
          {
            "type": "minecraft:item",
            "name": "minecraft:iron_ingot",
            "weight": 2,
            "quality": 4
          }
        ],
        "functions": [],
        "conditions": []
      },
      {
        "rolls": 1,
        "entries": [
          {
            "type": "loot_table",
            "value": "ch_trip_and_magic_boss:item/rise/grave_heart"
          }
        ]
      }
    ]
  }