{
  "type": "minecraft:crafting_shaped",
  "pattern": [
    " # ",
    "@X@",
    " # "
  ],
  "key": {
    "#": "minecraft:ender_pearl",
    "@": "minecraft:open_eyeblossom",
    "X": "minecraft:amethyst_shard"
  },
  "result": {
    "id": "minecraft:command_block",
    "components": {
      "minecraft:lore": [
        {
          "translate": "item_lore.core",
          "color": "gray",
          "italic": false
        },
        {
          "translate": "item_lore.magic_crafting_table.material",
          "color": "gray",
          "italic": false
        }
      ],
      "minecraft:item_model":"trip_magic:element_core/void",
      "minecraft:custom_data": {
        "datapack_type": "ls_trip_magic",
        "item_type": "item_material",
        "material_type": "element_core",
        "item_condition": "void"
      },
      "minecraft:rarity": "common",
      "minecraft:custom_name": {
        "translate": "item.spell_book.void",
        "extra": [
          {
            "translate": "item.material_core"
          }
        ],
        "italic": false
      }
    }
  }
}