{
  "type": "minecraft:generic",
  "pools": [
    {
      "rolls": 1,
      "entries": [
        {
          "type": "minecraft:item",
          "name": "minecraft:warped_fungus_on_a_stick",
          "functions": [
            {
              "function": "minecraft:set_components",
              "components": {
                "minecraft:bundle_contents": [],
                "minecraft:custom_name": {
                  "translate": "item.wakame_sword",
                  "italic": false
                },
                "minecraft:lore": [
                  {
                    "translate": "item_lore.wakame_sword_up",
                    "color": "gray",
                    "italic": false
                  },
                  {
                    "translate": "item_lore.wakame_sword_mid",
                    "color": "gray",
                    "italic": false
                  },
                  {
                    "translate": "item_lore.wakame_sword_down",
                    "color": "gray",
                    "italic": false
                  },
                  {
                    "translate": "empty"
                  },
                  {
                    "translate": "attribute.name.added_attack",
                    "color": "gray",
                    "italic": false
                  },
                  {
                    "translate": "key.mouse.right",
                    "extra": [
                      {
                        "text": ": ",
                        "extra": [
                          {
                            "translate": "item_skill.wakame.1"
                          }
                        ]
                      }
                    ],
                    "color": "gray",
                    "italic": false
                  },
                  {
                    "translate": "key.keyboard.left.shift",
                    "extra": [
                      {
                        "text": "+",
                        "extra": [
                          {
                            "translate": "key.mouse.right",
                            "extra": [
                              {
                                "text": ": ",
                                "extra": [
                                  {
                                    "translate": "item_skill.wakame.2"
                                  }
                                ]
                              }
                            ]
                          }
                        ]
                      }
                    ],
                    "color": "gray",
                    "italic": false
                  },
                  {
                    "translate": "key.keyboard.left.shift",
                    "extra": [
                      {
                        "text": "1.4",
                        "extra": [
                          {
                            "translate": "second",
                            "extra": [
                              {
                                "text": "+",
                                "extra": [
                                  {
                                    "translate": "key.mouse.right",
                                    "extra": [
                                      {
                                        "text": ": ",
                                        "extra": [
                                          {
                                            "translate": "item_skill.wakame.3"
                                          }
                                        ]
                                      }
                                    ]
                                  }
                                ]
                              }
                            ]
                          }
                        ]
                      }
                    ],
                    "color": "gray",
                    "italic": false
                  },
                  {
                    "translate": "empty"
                  },
                  {
                    "translate": "item.modifiers.mainhand",
                    "color": "gray",
                    "italic": false
                  },
                  {
                    "text": "5 ",
                    "extra": [
                      {
                        "translate": "attribute.name.attack_damage"
                      }
                    ],
                    "color": "dark_green",
                    "italic": false
                  },
                  {
                    "text": "2 ",
                    "extra": [
                      {
                        "translate": "attribute.name.attack_speed"
                      }
                    ],
                    "color": "dark_green",
                    "italic": false
                  },
                  {
                    "text": "2 ",
                    "extra": [
                      {
                        "translate": "attribute.name.entity_interaction_range"
                      }
                    ],
                    "color": "dark_green",
                    "italic": false
                  },
                  {
                    "translate": "attribute.name.skill",
                    "extra": [
                      {
                        "translate": "item_skill.wakame"
                      }
                    ],
                    "color": "dark_green",
                    "italic": false
                  }
                ],
                "minecraft:attribute_modifiers": [
                  {
                    "type": "minecraft:attack_damage",
                    "id": "minecraft:temp",
                    "amount": 4,
                    "operation": "add_value",
                    "slot": "mainhand"
                  },
                  {
                    "type": "minecraft:attack_speed",
                    "id": "minecraft:temp",
                    "amount": -2,
                    "operation": "add_value",
                    "slot": "mainhand"
                  },
                  {
                    "type": "minecraft:entity_interaction_range",
                    "id": "minecraft:temp",
                    "amount": -1,
                    "operation": "add_value",
                    "slot": "mainhand"
                  }
                ],
                "minecraft:item_model":"trip_magic:magic_weapons/wakame_sword/normal",
                "minecraft:custom_data": {
                  "datapack_type": "ls_trip_magic",
                  "item_type": "weapon",
                  "item_condition": "normal",
                  "weapon_type": "wakame_sword",
                  "item_magic": "true"
                },
                "minecraft:tool": {
                  "rules": [],
                  "default_mining_speed": 1,
                  "damage_per_block": 2,
                  "can_destroy_blocks_in_creative": false
                },
                "minecraft:max_damage": 1026,
                "minecraft:repairable": {
                  "items": "minecraft:turtle_scute"
                },
                "minecraft:tooltip_display": {
                  "hidden_components": [
                    "minecraft:attribute_modifiers"
                  ]
                },
                "minecraft:rarity": "epic"
              }
            }
          ],
          "conditions": []
        }
      ]
    }
  ]
}