{
  "type": "minecraft:generic",
  "pools": [
    {
      "rolls": 1,
      "entries": [
        {
          "type": "minecraft:item",
          "name": "minecraft:warped_fungus_on_a_stick",
          "functions": [
            {
              "function": "minecraft:set_components",
              "components": {
                "minecraft:custom_name": {
        "translate": "item.magic_core",
        "with": [
          ""
        ],
        "extra": [
          {
            "translate": "item.magic_core.mana_max_up",
            "italic": false
          }
        ],
        "italic": false
      },
      "minecraft:lore": [
        {
          "translate": "item_lore.magic_core",
          "color": "gray",
          "italic": false
        },
        {
          "translate": "item_lore.magic_core.mana_max_up",
          "color": "gray",
          "italic": false
        }
      ],
      "minecraft:item_model":"trip_magic:magic_core/mana_max_up",
      "minecraft:custom_data": {
        "datapack_type": "ls_trip_magic",
        "item_type": "equipment",
        "item_condition": "mana_max_up",
        "material": "",
        "weapon_type": "magic_core",
        "level": ""
      },
      "minecraft:rarity": "common",
      "minecraft:weapon": {
        "item_damage_per_attack": 0,
        "disable_blocking_for_seconds": 0
      },
      "minecraft:max_damage": 1,
      "minecraft:attribute_modifiers": [
        {
          "type": "minecraft:attack_speed",
          "id": "minecraft:temp",
          "amount": 0,
          "operation": "add_value",
          "slot": "mainhand"
        },
        {
          "type": "minecraft:attack_damage",
          "id": "minecraft:temp",
          "amount": 0,
          "operation": "add_value",
          "slot": "mainhand"
        },
        {
          "type": "minecraft:attack_knockback",
          "id": "minecraft:temp",
          "amount": 0,
          "operation": "add_value",
          "slot": "mainhand"
        },
        {
          "type": "minecraft:entity_interaction_range",
          "id": "minecraft:temp",
          "amount": 0,
          "operation": "add_value",
          "slot": "mainhand"
        }
      ],
      "minecraft:tooltip_display": {
        "hidden_components": [
          "minecraft:attribute_modifiers"
        ]
      }
              }
            }
          ]
        }
      ]
    }
  ]
}