{
    "type": "minecraft:entity",
    "pools": [
      {
        "rolls": 3,
        "bonus_rolls": 2,
        "entries": [
          {
            "type": "minecraft:item",
            "weight": 2,
            "quality": 1,
            "name": "minecraft:bone_block",
            "conditions": [
              {
                "condition": "minecraft:random_chance",
                "chance": 0.02
              }
            ]
          },
          {
            "type": "minecraft:item",
            "weight": 3,
            "quality": 1,
            "name": "minecraft:bone_meal",
            "conditions": [
              {
                "condition": "minecraft:random_chance",
                "chance": 0.7
              }
            ]
          },
          {
            "type": "minecraft:item",
            "weight": 5,
            "quality": 2,
            "name": "minecraft:bone",
            "conditions": [
              {
                "condition": "minecraft:random_chance",
                "chance": 0.25
              }
            ]
          }
        ]
      }
    ]
  }
  