{
    "type": "minecraft:entity",
    "pools": [
      {
        "rolls": 1,
        "entries": [
          {
            "type": "minecraft:loot_table",
            "weight": 1,
            "quality": 1,
            "value": "ls_trip_and_magic:item/trip/hats/water_magic",
            "conditions": [
              {
                "condition": "minecraft:random_chance",
                "chance": 0.05
              }
            ]
          },
          {
            "type": "minecraft:loot_table",
            "weight": 2,
            "quality": 1,
            "value":"ls_trip_and_magic:item/weapons/magic/magic_staff",
            "conditions": [
              {
                "condition": "minecraft:random_chance",
                "chance": 0.075
              }
            ]
          },
          {
            "type": "minecraft:loot_table",
            "weight": 2,
            "quality": 1,
            "value":"ls_trip_and_magic:item/weapons/magic/book/water",
            "conditions": [
              {
                "condition": "minecraft:random_chance",
                "chance": 0.06
              }
            ]
          }
        ]
      },
      {
        "rolls": 1,
        "entries": [
          {
            "type": "minecraft:loot_table",
            "value": "entities/drowned"
          }
        ]
      }
    ]
  }
  