{
  "type": "minecraft:generic",
  "pools": [
    {
      "rolls": 1,
      "entries": [
        {
          "type": "minecraft:item",
          "name": "minecraft:warped_fungus_on_a_stick",
          "functions": [
            {
              "function": "minecraft:set_components",
              "components": {
                "minecraft:bundle_contents": [],
                "minecraft:custom_name": {
                  "translate": "item.spell_book.fire",
                  "extra": [
                    {
                      "translate": "item.spell_book"
                    }
                  ],
                  "italic": false
                },
                "minecraft:lore": [
                  {
                    "translate": "item.spell_book.fire",
                    "extra": [
                      {
                        "translate": "item_lore.spell_book.up"
                      }
                    ],
                    "color": "gray",
                    "italic": false
                  },
                  {
                    "translate": "item_lore.spell_book.down",
                    "color": "gray",
                    "italic": false
                  },
                  {
                    "translate": "empty"
                  },
                  {
                    "translate": "attribute.name.added_attack",
                    "color": "gray",
                    "italic": false
                  },
                  {
                    "translate": "key.mouse.right",
                    "extra": [
                      {
                        "text": ": ",
                        "extra": [
                          {
                            "translate": "item_skill.magic.fire.lv1"
                          }
                        ]
                      }
                    ],
                    "color": "gray",
                    "italic": false
                  },
                  {
                    "translate": "empty"
                  },
                  {
                    "translate": "item.modifiers.any",
                    "color": "gray",
                    "italic": false
                  },
                  {
                    "translate": "attribute.name.skill",
                    "extra": [
                      {
                        "translate": "item_skill.fire_magic"
                      }
                    ],
                    "color": "dark_green",
                    "italic": false
                  }
                ],
                "item_model":"trip_magic:spell_book/fire_spell_book",
                "minecraft:custom_data": {
                  "datapack_type": "ls_trip_magic",
                  "item_type": "weapon",
                  "item_condition": "fire",
                  "weapon_type": "magic_book",
                  "spell_level":["1"],
                  "item_magic": "true"
                },
                "minecraft:rarity": "uncommon",
                "minecraft:tooltip_display": {
                  "hidden_components": [
                    "minecraft:unbreakable"
                  ]
                },
                "minecraft:unbreakable": {}
              },
              "conditions": []
            }
          ],
          "conditions": []
        }
      ]
    }
  ]
}