{
    "type": "minecraft:chest",
    "pools": [
      {
        "rolls": {
          "type": "minecraft:uniform",
          "min": 0,
          "max": {
            "type": "minecraft:uniform",
            "min": 0,
            "max": {
              "type": "minecraft:uniform",
              "min": 0,
              "max": 1
            }
          }
        },
        "entries": [
          {
            "type": "minecraft:item",
            "name": "minecraft:iron_axe",
            "functions": [
              {
                "function": "minecraft:set_nbt",
                "tag": "{detapack_type:ls_trip_magic,item_type:undead_breaker,display:{Name:'{\"text\":\"アンデット・ブレイカー\",\"color\":\"white\",\"italic\": false}',Lore:['{\"text\":\"   \",\"color\":\"white\",\"italic\":false}','{\"text\":\"アンデットに18ダメージ(固定)\",\"color\":\"white\",\"italic\":false}','{\"text\":\"(ちなみに範囲攻撃)\",\"color\":\"white\",\"italic\":false}']}}"
              }
            ],
            "conditions": []
          }
        ]
      },
      {
        "rolls": 4,
        "bonus_rolls": {
          "type": "minecraft:uniform",
          "min": 1,
          "max": 5
        },
        "entries": [
          {
            "type": "minecraft:item",
            "name": "minecraft:dark_oak_log"
          }
        ]
      },
      {
        "rolls": 6,
        "bonus_rolls": {
          "type": "minecraft:uniform",
          "min": 0,
          "max": 3
        },
        "entries": [
          {
            "type": "minecraft:item",
            "name": "minecraft:bone"
          }
        ]
      },
      {
        "rolls": {
          "type": "minecraft:uniform",
          "min": 0,
          "max": 3
        },
        "entries": [
          {
            "type": "minecraft:item",
            "name": "minecraft:diamond"
          }
        ]
      },
      {
        "rolls": 2,
        "bonus_rolls": {
          "type": "minecraft:uniform",
          "min": 1,
          "max": 5
        },
        "entries": [
          {
            "type": "minecraft:item",
            "name": "minecraft:gold_ingot",
            "weight": 4,
            "quality": 6
          }
        ]
      },
      {
        "rolls": 5,
        "bonus_rolls": {},
        "entries": [
          {
            "type": "minecraft:item",
            "name": "minecraft:iron_nugget",
            "weight": 1,
            "quality": 5
          },
          {
            "type": "minecraft:item",
            "name": "minecraft:iron_ingot",
            "weight": 2,
            "quality": 4
          }
        ]
      }
    ]
  }