{
  "criteria": {
    "criteria": {
      "trigger": "minecraft:inventory_changed",
      "conditions": {
        "items": [
          {
            "items": [
              "amethyst_shard"
            ]
          }
        ]
      }
    }
  },
  "rewards": {
    "recipes": [
      "ls_trip_and_magic:magic/element_core/bolt",
      "ls_trip_and_magic:magic/element_core/fire",
      "ls_trip_and_magic:magic/element_core/ice",
      "ls_trip_and_magic:magic/element_core/water",
      "ls_trip_and_magic:magic/element_core/nature",
      "ls_trip_and_magic:magic/element_core/void"
    ]
  },
  "sends_telemetry_event": false
}