{
  "display": {
    "icon": {
      "id": "minecraft:command_block",
      "components": {
        "minecraft:item_model":"trip_magic:boss_item/ginunga/ginga_heart"
      }
    },
    "title": {
      "translate": "advancements.boss.ginga.title"
    },
    "description": {
      "translate": "advancements.boss.ginga"
    },
    "show_toast": true,
    "announce_to_chat": true,
    "frame": "goal"
  },
  "parent": "ls_trip_and_magic:roots/boss/grave",
  "criteria": {
    "root": {
        "trigger": "impossible"
    }
  }
}