{
  "display": {
    "icon": {
      "id": "minecraft:deepslate_brick_stairs"
    },
    "title": {
      "translate": "advancements.boss.grave.title"
    },
    "description": {
      "translate": "advancements.boss.grave"
    },
    "show_toast": true,
    "announce_to_chat": true
  },
  "parent": "ls_trip_and_magic:roots/boss/root",
  "criteria": {
    "root": {
        "trigger": "location",
        "conditions": {
            "player": {
                "location": {
                    "structures": "ch_trip_and_magic_boss:grave_yard"
                }
            }
        }
    }
  }
}