{
"type": "minecraft:generic",
  "pools": [
    {
      "rolls": 1,
      "entries": [
        {
          "type": "minecraft:item",
          "name": "minecraft:command_block",
          "functions": [
            {
              "function": "set_components",
              "components": {
                "minecraft:custom_name": {
        "translate": "item.magic_upgrade_core",
        "extra": [
          {
            "text": " Lv.1"
          }
        ],
        "italic": false
      },
      "minecraft:lore": [
        {
          "translate": "item_lore.magic_crafting_table.core",
          "color": "gray",
          "italic": false
        }
      ],
      "minecraft:item_model":"trip_magic:upgrade_core/lapis",
      "minecraft:custom_data": {
        "datapack_type": "ls_trip_magic",
        "item_type": "item_core",
        "core_type": "element_core_upgrade_lv1"
      },
      "minecraft:rarity": "uncommon"
              }
            }
          ]
        }
      ]
    }
  ]
}