{
  "type": "minecraft:jigsaw",
  "biomes": "#ls_trip_and_magic:has_structure/grave_yard",
  "max_distance_from_center": 80,
  "project_start_to_heightmap": "WORLD_SURFACE_WG",
  "size": 6,
  "spawn_overrides": {
    "monster": {
      "bounding_box": "full",
      "spawns": [
        {
          "type": "skeleton",
          "weight": 3,
          "minCount": 2,
          "maxCount": 6
        },
        {
          "type": "zombie",
          "weight": 2,
          "minCount": 1,
          "maxCount": 5
        },
        {
          "type": "zombie_villager",
          "weight": 1,
          "minCount": 1,
          "maxCount": 3
        }
      ]
    }
  },
  "start_height": {
    "absolute": 0
  },
  "start_pool": "ch_trip_and_magic_boss:grave_yard",
  "step": "surface_structures",
  "terrain_adaptation": "none",
  "use_expansion_hack": true
}