{
    "type": "minecraft:chest",
    "pools": [
      {
        "rolls": {
          "type": "minecraft:uniform",
          "min": 0,
          "max": {
            "type": "minecraft:uniform",
            "min": 0,
            "max": {
              "type": "minecraft:uniform",
              "min": 0,
              "max": 1
            }
          }
        },
        "entries": [
          {
            "type": "loot_table",
            "value": "ls_trip_and_magic:item/weapons/undead_killer"
          }
        ]
      },
      {
        "rolls": 4,
        "bonus_rolls": {
          "type": "minecraft:uniform",
          "min": 1,
          "max": 5
        },
        "entries": [
          {
            "type": "minecraft:item",
            "name": "minecraft:dark_oak_log"
          }
        ]
      },
      {
        "rolls": 6,
        "bonus_rolls": {
          "type": "minecraft:uniform",
          "min": 0,
          "max": 3
        },
        "entries": [
          {
            "type": "minecraft:item",
            "name": "minecraft:bone"
          }
        ]
      },
      {
        "rolls": {
          "type": "minecraft:uniform",
          "min": 0,
          "max": 3
        },
        "entries": [
          {
            "type": "minecraft:item",
            "name": "minecraft:diamond",
            "conditions": [
              {
                "condition": "random_chance",
                "chance": 0.05
              }
            ]
          }
        ]
      },
      {
        "rolls": 2,
        "bonus_rolls": {
          "type": "minecraft:uniform",
          "min": 1,
          "max": 5
        },
        "entries": [
          {
            "type": "minecraft:item",
            "name": "minecraft:gold_ingot",
            "weight": 4,
            "quality": 6
          }
        ]
      },
      {
        "rolls": 5,
        "bonus_rolls": {},
        "entries": [
          {
            "type": "minecraft:item",
            "name": "minecraft:iron_nugget",
            "weight": 1,
            "quality": 5
          },
          {
            "type": "minecraft:item",
            "name": "minecraft:iron_ingot",
            "weight": 2,
            "quality": 4
          }
        ]
      }
    ]
  }